name,node_id,zone_id,control_type,control_type_name,cycle_length_in_second,x,y,geometry
,1,0,0,,0,19.964664,29.969081,"<Point><coordinates>19.964664,29.969081</coordinates></Point>"
,2,0,0,,0,103.779792,119.544883,"<Point><coordinates>103.779792,119.544883</coordinates></Point>"
,3,0,0,,0,103.407111,91.407460,"<Point><coordinates>103.407111,91.407460</coordinates></Point>"
,4,0,0,,0,103.220770,41.840874,"<Point><coordinates>103.220770,41.840874</coordinates></Point>"
,5,0,0,,0,102.661749,15.566857,"<Point><coordinates>102.661749,15.566857</coordinates></Point>"
,6,0,0,,0,102.941259,-40.055797,"<Point><coordinates>102.941259,-40.055797</coordinates></Point>"
,7,0,0,,0,102.941259,-72.758564,"<Point><coordinates>102.941259,-72.758564</coordinates></Point>"
,8,0,0,,0,198.440791,142.092089,"<Point><coordinates>198.440791,142.092089</coordinates></Point>"
,9,0,0,,0,197.322747,120.849267,"<Point><coordinates>197.322747,120.849267</coordinates></Point>"
,10,0,0,,0,198.813472,94.947930,"<Point><coordinates>198.813472,94.947930</coordinates></Point>"
,11,0,0,,0,198.254450,73.146086,"<Point><coordinates>198.254450,73.146086</coordinates></Point>"
,12,0,0,,0,197.695428,41.281852,"<Point><coordinates>197.695428,41.281852</coordinates></Point>"
,13,0,0,,0,198.254450,23.952181,"<Point><coordinates>198.254450,23.952181</coordinates></Point>"
,14,0,0,,0,198.813472,4.386424,"<Point><coordinates>198.813472,4.386424</coordinates></Point>"
,15,0,0,,0,198.254450,-12.384226,"<Point><coordinates>198.254450,-12.384226</coordinates></Point>"
,16,0,0,,0,201.049558,-38.378732,"<Point><coordinates>201.049558,-38.378732</coordinates></Point>"
,17,0,0,,0,199.372493,-58.503512,"<Point><coordinates>199.372493,-58.503512</coordinates></Point>"
,18,0,0,,0,197.695428,-84.498018,"<Point><coordinates>197.695428,-84.498018</coordinates></Point>"
,19,0,0,,0,198.533961,-104.622797,"<Point><coordinates>198.533961,-104.622797</coordinates></Point>"
,20,0,0,,0,198.533961,-123.909044,"<Point><coordinates>198.533961,-123.909044</coordinates></Point>"
,21,0,0,,0,198.533961,-145.710888,"<Point><coordinates>198.533961,-145.710888</coordinates></Point>"
,22,0,0,,0,346.534942,21.157073,"<Point><coordinates>346.534942,21.157073</coordinates></Point>"
